Path,Line Coverage,Function Coverage,Region Coverage
src/curl/lib/altsvc.c,3.38% (14/414),11.11% (2/18),1.40% (5/356)
src/curl/lib/asyn-thread.c,8.39% (27/322),26.09% (6/23),7.81% (15/192)
src/curl/lib/base64.c,44.30% (66/149),40.00% (2/5),33.33% (27/81)
src/curl/lib/bufref.c,0.00% (0/57),0.00% (0/6),0.00% (0/37)
src/curl/lib/conncache.c,68.09% (224/329),90.48% (19/21),61.00% (147/241)
src/curl/lib/connect.c,39.01% (339/869),75.00% (18/24),38.68% (241/623)
src/curl/lib/content_encoding.c,7.82% (32/409),7.41% (2/27),6.67% (20/300)
src/curl/lib/cookie.c,9.39% (93/990),22.22% (6/27),7.72% (78/1011)
src/curl/lib/curl_addrinfo.c,36.13% (86/238),37.50% (3/8),30.83% (37/120)
src/curl/lib/curl_ctype.c,40.00% (20/50),40.00% (4/10),36.46% (35/96)
src/curl/lib/curl_endian.c,0.00% (0/22),0.00% (0/5),0.00% (0/5)
src/curl/lib/curl_fnmatch.c,0.00% (0/16),0.00% (0/1),0.00% (0/13)
src/curl/lib/curl_get_line.c,0.00% (0/20),0.00% (0/1),0.00% (0/18)
src/curl/lib/curl_gethostname.c,0.00% (0/22),0.00% (0/1),0.00% (0/9)
src/curl/lib/curl_memrchr.c,0.00% (0/13),0.00% (0/1),0.00% (0/9)
src/curl/lib/curl_ntlm_core.c,0.00% (0/162),0.00% (0/11),0.00% (0/94)
src/curl/lib/curl_ntlm_wb.c,3.27% (10/306),33.33% (2/6),4.96% (14/282)
src/curl/lib/curl_range.c,0.00% (0/48),0.00% (0/1),0.00% (0/42)
src/curl/lib/curl_sasl.c,0.00% (0/359),0.00% (0/9),0.00% (0/272)
src/curl/lib/curl_threads.c,0.00% (0/35),0.00% (0/4),0.00% (0/26)
src/curl/lib/dict.c,0.00% (0/182),0.00% (0/3),0.00% (0/129)
src/curl/lib/doh.c,0.00% (0/656),0.00% (0/20),0.00% (0/744)
src/curl/lib/dotdot.c,74.12% (63/85),100.00% (1/1),82.14% (46/56)
src/curl/lib/dynbuf.c,87.07% (101/116),90.91% (10/11),86.25% (69/80)
src/curl/lib/easy.c,6.61% (38/575),14.29% (4/28),5.96% (27/453)
src/curl/lib/escape.c,48.41% (61/126),28.57% (2/7),64.78% (103/159)
src/curl/lib/file.c,0.00% (0/258),0.00% (0/6),0.00% (0/196)
src/curl/lib/fileinfo.c,0.00% (0/9),0.00% (0/2),0.00% (0/12)
src/curl/lib/formdata.c,0.00% (0/587),0.00% (0/8),0.00% (0/512)
src/curl/lib/ftp.c,0.00% (0/2602),0.00% (0/64),0.00% (0/2031)
src/curl/lib/ftplistparser.c,0.00% (0/771),0.00% (0/6),0.00% (0/498)
src/curl/lib/getenv.c,100.00% (8/8),100.00% (2/2),60.00% (3/5)
src/curl/lib/getinfo.c,7.55% (37/490),12.50% (1/8),1.81% (4/221)
src/curl/lib/gopher.c,0.00% (0/95),0.00% (0/3),0.00% (0/70)
src/curl/lib/hash.c,84.38% (135/160),100.00% (13/13),84.69% (83/98)
src/curl/lib/hmac.c,0.00% (0/61),0.00% (0/4),0.00% (0/22)
src/curl/lib/hostasyn.c,0.00% (0/29),0.00% (0/2),0.00% (0/15)
src/curl/lib/hostcheck.c,0.00% (0/66),0.00% (0/2),0.00% (0/72)
src/curl/lib/hostip.c,30.98% (149/481),61.90% (13/21),28.28% (82/290)
src/curl/lib/hostip6.c,56.52% (13/23),50.00% (1/2),50.00% (10/20)
src/curl/lib/hsts.c,5.90% (20/339),25.00% (4/16),3.30% (9/273)
src/curl/lib/http.c,24.88% (625/2512),39.13% (18/46),25.10% (580/2311)
src/curl/lib/http2.c,1.12% (18/1612),8.16% (4/49),1.10% (13/1179)
src/curl/lib/http_aws_sigv4.c,0.00% (0/289),0.00% (0/2),0.00% (0/192)
src/curl/lib/http_chunks.c,0.00% (0/179),0.00% (0/3),0.00% (0/118)
src/curl/lib/http_digest.c,4.88% (4/82),33.33% (1/3),1.72% (1/58)
src/curl/lib/http_ntlm.c,4.61% (7/152),33.33% (1/3),1.16% (1/86)
src/curl/lib/http_proxy.c,3.30% (15/455),27.27% (3/11),2.69% (10/372)
src/curl/lib/if2ip.c,8.54% (7/82),50.00% (1/2),6.78% (4/59)
src/curl/lib/imap.c,0.00% (0/1105),0.00% (0/49),0.00% (0/1077)
src/curl/lib/llist.c,87.14% (61/70),100.00% (5/5),85.37% (35/41)
src/curl/lib/md4.c,0.00% (0/6),0.00% (0/1),0.00% (0/1)
src/curl/lib/md5.c,0.00% (0/30),0.00% (0/4),0.00% (0/15)
src/curl/lib/memdebug.c,62.77% (145/231),75.00% (15/20),55.56% (95/171)
src/curl/lib/mime.c,9.57% (111/1160),17.24% (10/58),7.45% (70/940)
src/curl/lib/mprintf.c,47.05% (327/695),61.11% (11/18),47.84% (288/602)
src/curl/lib/mqtt.c,0.00% (0/409),0.00% (0/16),0.00% (0/227)
src/curl/lib/multi.c,39.01% (779/1997),50.00% (36/72),37.65% (605/1607)
src/curl/lib/netrc.c,0.00% (0/157),0.00% (0/2),0.00% (0/143)
src/curl/lib/nonblock.c,75.00% (6/8),100.00% (1/1),71.43% (5/7)
src/curl/lib/parsedate.c,0.00% (0/233),0.00% (0/9),0.00% (0/213)
src/curl/lib/pingpong.c,0.00% (0/267),0.00% (0/11),0.00% (0/197)
src/curl/lib/pop3.c,0.00% (0/756),0.00% (0/40),0.00% (0/566)
src/curl/lib/progress.c,37.15% (133/358),75.00% (12/16),13.93% (67/481)
src/curl/lib/rand.c,53.93% (48/89),100.00% (3/3),52.00% (26/50)
src/curl/lib/rename.c,83.33% (5/6),100.00% (1/1),75.00% (3/4)
src/curl/lib/rtsp.c,62.73% (313/499),72.73% (8/11),57.95% (237/409)
src/curl/lib/select.c,63.16% (72/114),66.67% (2/3),65.66% (65/99)
src/curl/lib/sendf.c,32.60% (118/362),64.29% (9/14),34.69% (85/245)
src/curl/lib/setopt.c,15.92% (287/1803),60.00% (3/5),13.09% (147/1123)
src/curl/lib/sha256.c,0.00% (0/6),0.00% (0/1),0.00% (0/1)
src/curl/lib/share.c,5.03% (8/159),40.00% (2/5),6.00% (6/100)
src/curl/lib/sigpipe.h,100.00% (15/15),100.00% (2/2),100.00% (6/6)
src/curl/lib/slist.c,70.49% (43/61),80.00% (4/5),72.50% (29/40)
src/curl/lib/smb.c,0.00% (0/630),0.00% (0/27),0.00% (0/423)
src/curl/lib/smtp.c,0.00% (0/930),0.00% (0/44),0.00% (0/719)
src/curl/lib/socks.c,0.00% (0/648),0.00% (0/4),0.00% (0/436)
src/curl/lib/speedcheck.c,31.03% (9/29),100.00% (2/2),45.45% (10/22)
src/curl/lib/splay.c,48.63% (71/146),100.00% (4/4),40.56% (58/143)
src/curl/lib/strcase.c,62.71% (37/59),55.56% (5/9),59.32% (35/59)
src/curl/lib/strdup.c,38.46% (5/13),50.00% (1/2),45.45% (5/11)
src/curl/lib/strerror.c,7.58% (21/277),25.00% (1/4),7.48% (11/147)
src/curl/lib/strtoofft.c,0.00% (0/22),0.00% (0/1),0.00% (0/19)
src/curl/lib/telnet.c,0.00% (0/939),0.00% (0/18),0.00% (0/894)
src/curl/lib/tftp.c,0.00% (0/798),0.00% (0/27),0.00% (0/489)
src/curl/lib/timeval.c,71.43% (25/35),100.00% (3/3),54.41% (37/68)
src/curl/lib/transfer.c,30.51% (332/1088),52.63% (10/19),36.35% (369/1015)
src/curl/lib/url.c,47.56% (1139/2395),78.00% (39/50),42.96% (986/2295)
src/curl/lib/urlapi.c,52.08% (564/1083),70.00% (14/20),49.60% (552/1113)
src/curl/lib/vauth/cleartext.c,0.00% (0/33),0.00% (0/3),0.00% (0/21)
src/curl/lib/vauth/cram.c,0.00% (0/23),0.00% (0/1),0.00% (0/10)
src/curl/lib/vauth/digest.c,2.24% (12/536),7.69% (1/13),5.64% (27/479)
src/curl/lib/vauth/ntlm.c,1.11% (4/360),14.29% (1/7),2.91% (5/172)
src/curl/lib/vauth/oauth2.c,0.00% (0/20),0.00% (0/2),0.00% (0/16)
src/curl/lib/vauth/vauth.c,0.00% (0/19),0.00% (0/2),0.00% (0/26)
src/curl/lib/vtls/keylog.c,9.59% (7/73),20.00% (1/5),7.41% (4/54)
src/curl/lib/vtls/openssl.c,3.91% (97/2478),19.67% (12/61),2.50% (54/2159)
src/curl/lib/vtls/vtls.c,12.66% (91/719),21.31% (13/61),20.51% (154/751)
src/curl/lib/warnless.c,17.91% (12/67),21.43% (3/14),19.15% (9/47)
src/curl/lib/wildcard.c,65.38% (17/26),66.67% (2/3),66.67% (8/12)
src/curl_fuzzer/curl_fuzzer.cc,93.44% (242/259),100.00% (11/11),82.59% (166/201)
src/curl_fuzzer/curl_fuzzer_callback.cc,55.14% (59/107),75.00% (3/4),60.56% (43/71)
src/curl_fuzzer/curl_fuzzer_tlv.cc,92.40% (158/171),100.00% (7/7),91.70% (431/470)
src/nghttp2/lib/nghttp2_buf.c,0.00% (0/355),0.00% (0/30),0.00% (0/183)
src/nghttp2/lib/nghttp2_callbacks.c,0.00% (0/79),0.00% (0/25),0.00% (0/28)
src/nghttp2/lib/nghttp2_frame.c,0.00% (0/721),0.00% (0/69),0.00% (0/321)
src/nghttp2/lib/nghttp2_hd.c,0.00% (0/1649),0.00% (0/81),0.00% (0/1052)
src/nghttp2/lib/nghttp2_hd_huffman.c,0.00% (0/88),0.00% (0/5),0.00% (0/49)
src/nghttp2/lib/nghttp2_helper.c,0.00% (0/246),0.00% (0/14),0.00% (0/139)
src/nghttp2/lib/nghttp2_http.c,0.00% (0/410),0.00% (0/17),0.00% (0/382)
src/nghttp2/lib/nghttp2_map.c,0.00% (0/129),0.00% (0/12),0.00% (0/69)
src/nghttp2/lib/nghttp2_mem.c,0.00% (0/32),0.00% (0/10),0.00% (0/10)
src/nghttp2/lib/nghttp2_outbound_item.c,0.00% (0/86),0.00% (0/5),0.00% (0/32)
src/nghttp2/lib/nghttp2_pq.c,0.00% (0/133),0.00% (0/13),0.00% (0/73)
src/nghttp2/lib/nghttp2_priority_spec.c,0.00% (0/21),0.00% (0/4),0.00% (0/20)
src/nghttp2/lib/nghttp2_rcbuf.c,0.00% (0/49),0.00% (0/7),0.00% (0/23)
src/nghttp2/lib/nghttp2_session.c,0.00% (0/5359),0.00% (0/190),0.00% (0/3407)
src/nghttp2/lib/nghttp2_stream.c,0.00% (0/548),0.00% (0/50),0.00% (0/306)
src/nghttp2/lib/nghttp2_submit.c,0.00% (0/555),0.00% (0/23),0.00% (0/297)
src/nghttp2/lib/nghttp2_version.c,0.00% (0/5),0.00% (0/1),0.00% (0/5)
src/openssl/crypto/LPdir_unix.c,0.00% (0/48),0.00% (0/2),0.00% (0/26)
src/openssl/crypto/aes/aes_misc.c,0.00% (0/10),0.00% (0/3),0.00% (0/3)
src/openssl/crypto/aes/aes_wrap.c,0.00% (0/7),0.00% (0/2),0.00% (0/2)
src/openssl/crypto/asn1/a_bitstr.c,0.00% (0/157),0.00% (0/6),0.00% (0/148)
src/openssl/crypto/asn1/a_bool.c,0.00% (0/41),0.00% (0/2),0.00% (0/26)
src/openssl/crypto/asn1/a_bytes.c,0.00% (0/207),0.00% (0/5),0.00% (0/167)
src/openssl/crypto/asn1/a_d2i_fp.c,0.00% (0/169),0.00% (0/5),0.00% (0/141)
src/openssl/crypto/asn1/a_digest.c,0.00% (0/30),0.00% (0/2),0.00% (0/23)
src/openssl/crypto/asn1/a_dup.c,0.00% (0/37),0.00% (0/2),0.00% (0/21)
src/openssl/crypto/asn1/a_enum.c,0.00% (0/97),0.00% (0/4),0.00% (0/91)
src/openssl/crypto/asn1/a_gentm.c,0.00% (0/156),0.00% (0/5),0.00% (0/160)
src/openssl/crypto/asn1/a_i2d_fp.c,0.00% (0/72),0.00% (0/4),0.00% (0/47)
src/openssl/crypto/asn1/a_int.c,0.00% (0/294),0.00% (0/9),0.00% (0/266)
src/openssl/crypto/asn1/a_mbstr.c,0.00% (0/252),0.00% (0/11),0.00% (0/225)
src/openssl/crypto/asn1/a_object.c,0.00% (0/283),0.00% (0/9),0.00% (0/263)
src/openssl/crypto/asn1/a_octet.c,0.00% (0/9),0.00% (0/3),0.00% (0/6)
src/openssl/crypto/asn1/a_print.c,0.00% (0/55),0.00% (0/2),0.00% (0/84)
src/openssl/crypto/asn1/a_set.c,0.00% (0/119),0.00% (0/3),0.00% (0/175)
src/openssl/crypto/asn1/a_sign.c,0.00% (0/159),0.00% (0/3),0.00% (0/143)
src/openssl/crypto/asn1/a_strex.c,0.00% (0/400),0.00% (0/14),0.00% (0/347)
src/openssl/crypto/asn1/a_strnid.c,0.00% (0/94),0.00% (0/9),0.00% (0/99)
src/openssl/crypto/asn1/a_time.c,0.00% (0/98),0.00% (0/7),0.00% (0/98)
src/openssl/crypto/asn1/a_type.c,0.00% (0/77),0.00% (0/4),0.00% (0/90)
src/openssl/crypto/asn1/a_utctm.c,0.00% (0/170),0.00% (0/6),0.00% (0/176)
src/openssl/crypto/asn1/a_utf8.c,0.00% (0/149),0.00% (0/2),0.00% (0/137)
src/openssl/crypto/asn1/a_verify.c,0.00% (0/112),0.00% (0/2),0.00% (0/106)
src/openssl/crypto/asn1/ameth_lib.c,40.85% (96/235),47.37% (9/19),26.04% (44/169)
src/openssl/crypto/asn1/asn1_err.c,100.00% (8/8),100.00% (1/1),100.00% (3/3)
src/openssl/crypto/asn1/asn1_gen.c,0.00% (0/529),0.00% (0/10),0.00% (0/560)
src/openssl/crypto/asn1/asn1_lib.c,0.00% (0/330),0.00% (0/27),0.00% (0/251)
src/openssl/crypto/asn1/asn1_par.c,0.00% (0/297),0.00% (0/5),0.00% (0/322)
src/openssl/crypto/asn1/asn_mime.c,0.00% (0/642),0.00% (0/24),0.00% (0/741)
src/openssl/crypto/asn1/asn_moid.c,4.62% (3/65),25.00% (1/4),1.92% (1/52)
src/openssl/crypto/asn1/asn_pack.c,0.00% (0/102),0.00% (0/6),0.00% (0/96)
src/openssl/crypto/asn1/bio_asn1.c,0.00% (0/259),0.00% (0/18),0.00% (0/183)
src/openssl/crypto/asn1/bio_ndef.c,0.00% (0/104),0.00% (0/5),0.00% (0/64)
src/openssl/crypto/asn1/d2i_pr.c,0.00% (0/83),0.00% (0/2),0.00% (0/99)
src/openssl/crypto/asn1/evp_asn1.c,0.00% (0/102),0.00% (0/4),0.00% (0/92)
src/openssl/crypto/asn1/f_int.c,0.00% (0/131),0.00% (0/2),0.00% (0/129)
src/openssl/crypto/asn1/f_string.c,0.00% (0/125),0.00% (0/2),0.00% (0/118)
src/openssl/crypto/asn1/i2d_pr.c,0.00% (0/16),0.00% (0/1),0.00% (0/17)
src/openssl/crypto/asn1/nsseq.c,0.00% (0/8),0.00% (0/1),0.00% (0/5)
src/openssl/crypto/asn1/p5_pbe.c,0.00% (0/53),0.00% (0/2),0.00% (0/51)
src/openssl/crypto/asn1/p5_pbev2.c,0.00% (0/121),0.00% (0/3),0.00% (0/123)
src/openssl/crypto/asn1/p8_pkey.c,0.00% (0/59),0.00% (0/3),0.00% (0/55)
src/openssl/crypto/asn1/t_pkey.c,0.00% (0/43),0.00% (0/1),0.00% (0/49)
src/openssl/crypto/asn1/t_x509.c,0.00% (0/394),0.00% (0/12),0.00% (0/424)
src/openssl/crypto/asn1/t_x509a.c,0.00% (0/45),0.00% (0/1),0.00% (0/49)
src/openssl/crypto/asn1/tasn_dec.c,0.00% (0/812),0.00% (0/13),0.00% (0/816)
src/openssl/crypto/asn1/tasn_enc.c,0.00% (0/401),0.00% (0/10),0.00% (0/445)
src/openssl/crypto/asn1/tasn_fre.c,0.00% (0/152),0.00% (0/5),0.00% (0/144)
src/openssl/crypto/asn1/tasn_new.c,0.00% (0/229),0.00% (0/8),0.00% (0/220)
src/openssl/crypto/asn1/tasn_prn.c,0.00% (0/392),0.00% (0/21),0.00% (0/379)
src/openssl/crypto/asn1/tasn_utl.c,0.00% (0/122),0.00% (0/10),0.00% (0/100)
src/openssl/crypto/asn1/x_algor.c,0.00% (0/55),0.00% (0/4),0.00% (0/53)
src/openssl/crypto/asn1/x_attrib.c,0.00% (0/22),0.00% (0/1),0.00% (0/27)
src/openssl/crypto/asn1/x_bignum.c,0.00% (0/51),0.00% (0/5),0.00% (0/40)
src/openssl/crypto/asn1/x_crl.c,0.00% (0/279),0.00% (0/17),0.00% (0/332)
src/openssl/crypto/asn1/x_info.c,0.00% (0/33),0.00% (0/2),0.00% (0/24)
src/openssl/crypto/asn1/x_long.c,0.00% (0/89),0.00% (0/5),0.00% (0/55)
src/openssl/crypto/asn1/x_name.c,0.00% (0/294),0.00% (0/12),0.00% (0/386)
src/openssl/crypto/asn1/x_pkey.c,0.00% (0/76),0.00% (0/4),0.00% (0/101)
src/openssl/crypto/asn1/x_pubkey.c,0.00% (0/235),0.00% (0/13),0.00% (0/166)
src/openssl/crypto/asn1/x_req.c,0.00% (0/9),0.00% (0/1),0.00% (0/9)
src/openssl/crypto/asn1/x_x509.c,0.00% (0/114),0.00% (0/10),0.00% (0/76)
src/openssl/crypto/asn1/x_x509a.c,0.00% (0/88),0.00% (0/9),0.00% (0/134)
src/openssl/crypto/bf/bf_cfb64.c,0.00% (0/52),0.00% (0/1),0.00% (0/21)
src/openssl/crypto/bf/bf_ecb.c,0.00% (0/20),0.00% (0/2),0.00% (0/10)
src/openssl/crypto/bf/bf_enc.c,0.00% (0/129),0.00% (0/3),0.00% (0/94)
src/openssl/crypto/bf/bf_ofb64.c,0.00% (0/40),0.00% (0/1),0.00% (0/16)
src/openssl/crypto/bf/bf_skey.c,0.00% (0/42),0.00% (0/1),0.00% (0/25)
src/openssl/crypto/bio/b_dump.c,0.00% (0/97),0.00% (0/9),0.00% (0/68)
src/openssl/crypto/bio/b_print.c,0.00% (0/572),0.00% (0/12),0.00% (0/473)
src/openssl/crypto/bio/b_sock.c,0.00% (0/371),0.00% (0/11),0.00% (0/266)
src/openssl/crypto/bio/bf_buff.c,0.00% (0/365),0.00% (0/9),0.00% (0/302)
src/openssl/crypto/bio/bio_err.c,100.00% (8/8),100.00% (1/1),100.00% (3/3)
src/openssl/crypto/bio/bio_lib.c,0.00% (0/369),0.00% (0/38),0.00% (0/312)
src/openssl/crypto/bio/bss_conn.c,0.00% (0/412),0.00% (0/13),0.00% (0/323)
src/openssl/crypto/bio/bss_file.c,9.77% (21/215),18.18% (2/11),5.70% (11/193)
src/openssl/crypto/bio/bss_mem.c,0.00% (0/186),0.00% (0/9),0.00% (0/140)
src/openssl/crypto/bio/bss_null.c,0.00% (0/50),0.00% (0/8),0.00% (0/38)
src/openssl/crypto/bio/bss_sock.c,0.00% (0/132),0.00% (0/10),0.00% (0/88)
src/openssl/crypto/bn/asm/x86_64-gcc.c,0.00% (0/354),0.00% (0/10),0.00% (0/659)
src/openssl/crypto/bn/bn_add.c,0.00% (0/184),0.00% (0/4),0.00% (0/132)
src/openssl/crypto/bn/bn_blind.c,0.00% (0/177),0.00% (0/13),0.00% (0/173)
src/openssl/crypto/bn/bn_ctx.c,0.00% (0/172),0.00% (0/16),0.00% (0/110)
src/openssl/crypto/bn/bn_div.c,0.00% (0/157),0.00% (0/1),0.00% (0/186)
src/openssl/crypto/bn/bn_err.c,100.00% (8/8),100.00% (1/1),100.00% (3/3)
src/openssl/crypto/bn/bn_exp.c,0.00% (0/813),0.00% (0/9),0.00% (0/895)
src/openssl/crypto/bn/bn_exp2.c,0.00% (0/148),0.00% (0/1),0.00% (0/170)
src/openssl/crypto/bn/bn_gcd.c,0.00% (0/338),0.00% (0/4),0.00% (0/387)
src/openssl/crypto/bn/bn_gf2m.c,0.00% (0/592),0.00% (0/19),0.00% (0/551)
src/openssl/crypto/bn/bn_kron.c,0.00% (0/74),0.00% (0/1),0.00% (0/93)
src/openssl/crypto/bn/bn_lib.c,0.00% (0/585),0.00% (0/30),0.00% (0/463)
src/openssl/crypto/bn/bn_mod.c,0.00% (0/122),0.00% (0/11),0.00% (0/108)
src/openssl/crypto/bn/bn_mont.c,0.00% (0/232),0.00% (0/9),0.00% (0/210)
src/openssl/crypto/bn/bn_mul.c,0.00% (0/745),0.00% (0/9),0.00% (0/514)
src/openssl/crypto/bn/bn_nist.c,0.00% (0/571),0.00% (0/12),0.00% (0/944)
src/openssl/crypto/bn/bn_prime.c,0.00% (0/274),0.00% (0/8),0.00% (0/352)
src/openssl/crypto/bn/bn_print.c,0.00% (0/259),0.00% (0/8),0.00% (0/278)
src/openssl/crypto/bn/bn_rand.c,0.00% (0/127),0.00% (0/7),0.00% (0/118)
src/openssl/crypto/bn/bn_recp.c,0.00% (0/138),0.00% (0/7),0.00% (0/110)
src/openssl/crypto/bn/bn_shift.c,0.00% (0/140),0.00% (0/4),0.00% (0/132)
src/openssl/crypto/bn/bn_sqr.c,0.00% (0/135),0.00% (0/3),0.00% (0/90)
src/openssl/crypto/bn/bn_sqrt.c,0.00% (0/207),0.00% (0/1),0.00% (0/297)
src/openssl/crypto/bn/bn_word.c,0.00% (0/138),0.00% (0/5),0.00% (0/122)
src/openssl/crypto/bn/rsaz_exp.c,0.00% (0/151),0.00% (0/2),0.00% (0/15)
src/openssl/crypto/buffer/buf_err.c,100.00% (8/8),100.00% (1/1),100.00% (3/3)
src/openssl/crypto/buffer/buf_str.c,67.92% (36/53),83.33% (5/6),63.27% (31/49)
src/openssl/crypto/buffer/buffer.c,0.00% (0/103),0.00% (0/5),0.00% (0/71)
src/openssl/crypto/camellia/cmll_misc.c,0.00% (0/14),0.00% (0/3),0.00% (0/15)
src/openssl/crypto/camellia/cmll_utl.c,0.00% (0/3),0.00% (0/1),0.00% (0/1)
src/openssl/crypto/cast/c_cfb64.c,0.00% (0/52),0.00% (0/1),0.00% (0/21)
src/openssl/crypto/cast/c_ecb.c,0.00% (0/16),0.00% (0/1),0.00% (0/9)
src/openssl/crypto/cast/c_enc.c,0.00% (0/125),0.00% (0/3),0.00% (0/160)
src/openssl/crypto/cast/c_ofb64.c,0.00% (0/40),0.00% (0/1),0.00% (0/16)
src/openssl/crypto/cast/c_skey.c,0.00% (0/81),0.00% (0/1),0.00% (0/200)
src/openssl/crypto/cmac/cm_ameth.c,0.00% (0/8),0.00% (0/2),0.00% (0/5)
src/openssl/crypto/cmac/cm_pmeth.c,0.00% (0/67),0.00% (0/8),0.00% (0/55)
src/openssl/crypto/cmac/cmac.c,0.00% (0/146),0.00% (0/10),0.00% (0/122)
src/openssl/crypto/cms/cms_asn1.c,0.00% (0/109),0.00% (0/6),0.00% (0/80)
src/openssl/crypto/cms/cms_att.c,0.00% (0/77),0.00% (0/20),0.00% (0/44)
src/openssl/crypto/cms/cms_dd.c,0.00% (0/57),0.00% (0/3),0.00% (0/38)
src/openssl/crypto/cms/cms_enc.c,0.00% (0/159),0.00% (0/4),0.00% (0/149)
src/openssl/crypto/cms/cms_env.c,0.00% (0/650),0.00% (0/28),0.00% (0/608)
src/openssl/crypto/cms/cms_err.c,100.00% (8/8),100.00% (1/1),100.00% (3/3)
src/openssl/crypto/cms/cms_io.c,0.00% (0/51),0.00% (0/8),0.00% (0/34)
src/openssl/crypto/cms/cms_kari.c,0.00% (0/306),0.00% (0/14),0.00% (0/299)
src/openssl/crypto/cms/cms_lib.c,0.00% (0/446),0.00% (0/28),0.00% (0/475)
src/openssl/crypto/cms/cms_pwri.c,0.00% (0/257),0.00% (0/5),0.00% (0/216)
src/openssl/crypto/cms/cms_sd.c,0.00% (0/722),0.00% (0/32),0.00% (0/841)
src/openssl/crypto/comp/c_zlib.c,66.67% (4/6),50.00% (1/2),50.00% (1/2)
src/openssl/crypto/comp/comp_err.c,100.00% (8/8),100.00% (1/1),100.00% (3/3)
src/openssl/crypto/comp/comp_lib.c,0.00% (0/44),0.00% (0/4),0.00% (0/29)
src/openssl/crypto/conf/conf_api.c,2.24% (3/134),10.00% (1/10),2.29% (5/218)
src/openssl/crypto/conf/conf_def.c,8.18% (39/477),31.58% (6/19),5.11% (25/489)
src/openssl/crypto/conf/conf_err.c,100.00% (8/8),100.00% (1/1),100.00% (3/3)
src/openssl/crypto/conf/conf_lib.c,8.00% (16/200),13.64% (3/22),8.53% (11/129)
src/openssl/crypto/conf/conf_mall.c,100.00% (7/7),100.00% (1/1),100.00% (1/1)
src/openssl/crypto/conf/conf_mod.c,18.48% (61/330),16.67% (4/24),15.14% (48/317)
src/openssl/crypto/constant_time_locl.h,0.00% (0/42),0.00% (0/14),0.00% (0/14)
src/openssl/crypto/cpt_err.c,100.00% (8/8),100.00% (1/1),100.00% (3/3)
src/openssl/crypto/cryptlib.c,18.03% (55/305),22.22% (8/36),9.76% (28/287)
src/openssl/crypto/cversion.c,0.00% (0/25),0.00% (0/2),0.00% (0/26)
src/openssl/crypto/des/cfb64ede.c,0.00% (0/140),0.00% (0/2),0.00% (0/116)
src/openssl/crypto/des/cfb64enc.c,0.00% (0/52),0.00% (0/1),0.00% (0/23)
src/openssl/crypto/des/cfb_enc.c,0.00% (0/84),0.00% (0/1),0.00% (0/85)
src/openssl/crypto/des/des_enc.c,0.00% (0/220),0.00% (0/5),0.00% (0/374)
src/openssl/crypto/des/ecb3_enc.c,0.00% (0/18),0.00% (0/1),0.00% (0/9)
src/openssl/crypto/des/ecb_enc.c,0.00% (0/37),0.00% (0/2),0.00% (0/12)
src/openssl/crypto/des/ncbc_enc.c,0.00% (0/79),0.00% (0/1),0.00% (0/62)
src/openssl/crypto/des/ofb64ede.c,0.00% (0/38),0.00% (0/1),0.00% (0/16)
src/openssl/crypto/des/ofb64enc.c,0.00% (0/40),0.00% (0/1),0.00% (0/17)
src/openssl/crypto/des/set_key.c,0.00% (0/84),0.00% (0/7),0.00% (0/52)
src/openssl/crypto/des/xcbc_enc.c,0.00% (0/82),0.00% (0/1),0.00% (0/66)
src/openssl/crypto/dh/dh_ameth.c,0.00% (0/625),0.00% (0/29),0.00% (0/595)
src/openssl/crypto/dh/dh_asn1.c,0.00% (0/64),0.00% (0/3),0.00% (0/36)
src/openssl/crypto/dh/dh_check.c,0.00% (0/94),0.00% (0/2),0.00% (0/162)
src/openssl/crypto/dh/dh_err.c,100.00% (8/8),100.00% (1/1),100.00% (3/3)
src/openssl/crypto/dh/dh_gen.c,0.00% (0/63),0.00% (0/2),0.00% (0/71)
src/openssl/crypto/dh/dh_kdf.c,0.00% (0/106),0.00% (0/3),0.00% (0/82)
src/openssl/crypto/dh/dh_key.c,1.99% (3/151),11.11% (1/9),0.71% (1/141)
src/openssl/crypto/dh/dh_lib.c,0.00% (0/133),0.00% (0/11),0.00% (0/87)
src/openssl/crypto/dh/dh_pmeth.c,0.00% (0/291),0.00% (0/8),0.00% (0/223)
src/openssl/crypto/dh/dh_rfc5114.c,0.00% (0/18),0.00% (0/1),0.00% (0/17)
src/openssl/crypto/dsa/dsa_ameth.c,0.00% (0/431),0.00% (0/22),0.00% (0/407)
src/openssl/crypto/dsa/dsa_asn1.c,0.00% (0/66),0.00% (0/5),0.00% (0/45)
src/openssl/crypto/dsa/dsa_err.c,100.00% (8/8),100.00% (1/1),100.00% (3/3)
src/openssl/crypto/dsa/dsa_gen.c,0.00% (0/467),0.00% (0/4),0.00% (0/503)
src/openssl/crypto/dsa/dsa_key.c,0.00% (0/49),0.00% (0/2),0.00% (0/48)
src/openssl/crypto/dsa/dsa_lib.c,4.12% (7/170),8.33% (1/12),2.48% (3/121)
src/openssl/crypto/dsa/dsa_ossl.c,1.35% (3/222),16.67% (1/6),0.40% (1/248)
src/openssl/crypto/dsa/dsa_pmeth.c,0.00% (0/142),0.00% (0/8),0.00% (0/132)
src/openssl/crypto/dsa/dsa_sign.c,0.00% (0/24),0.00% (0/4),0.00% (0/15)
src/openssl/crypto/dsa/dsa_vrf.c,0.00% (0/3),0.00% (0/1),0.00% (0/1)
src/openssl/crypto/dso/dso_dlfcn.c,22.89% (46/201),44.44% (4/9),18.87% (40/212)
src/openssl/crypto/dso/dso_err.c,100.00% (8/8),100.00% (1/1),100.00% (3/3)
src/openssl/crypto/dso/dso_lib.c,29.51% (85/288),33.33% (7/21),33.45% (96/287)
src/openssl/crypto/dso/dso_openssl.c,100.00% (3/3),100.00% (1/1),100.00% (1/1)
src/openssl/crypto/ec/ec2_mult.c,0.00% (0/259),0.00% (0/7),0.00% (0/291)
src/openssl/crypto/ec/ec2_oct.c,0.00% (0/249),0.00% (0/3),0.00% (0/254)
src/openssl/crypto/ec/ec2_smpl.c,0.00% (0/488),0.00% (0/27),0.00% (0/412)
src/openssl/crypto/ec/ec_ameth.c,0.00% (0/689),0.00% (0/27),0.00% (0/678)
src/openssl/crypto/ec/ec_asn1.c,0.00% (0/850),0.00% (0/17),0.00% (0/910)
src/openssl/crypto/ec/ec_curve.c,0.00% (0/143),0.00% (0/5),0.00% (0/137)
src/openssl/crypto/ec/ec_cvt.c,0.00% (0/43),0.00% (0/2),0.00% (0/33)
src/openssl/crypto/ec/ec_err.c,100.00% (8/8),100.00% (1/1),100.00% (3/3)
src/openssl/crypto/ec/ec_key.c,0.00% (0/355),0.00% (0/26),0.00% (0/305)
src/openssl/crypto/ec/ec_lib.c,0.00% (0/744),0.00% (0/60),0.00% (0/672)
src/openssl/crypto/ec/ec_mult.c,0.00% (0/548),0.00% (0/8),0.00% (0/513)
src/openssl/crypto/ec/ec_oct.c,0.00% (0/86),0.00% (0/4),0.00% (0/88)
src/openssl/crypto/ec/ec_pmeth.c,0.00% (0/297),0.00% (0/10),0.00% (0/282)
src/openssl/crypto/ec/ec_print.c,0.00% (0/83),0.00% (0/4),0.00% (0/66)
src/openssl/crypto/ec/eck_prn.c,0.00% (0/255),0.00% (0/7),0.00% (0/259)
src/openssl/crypto/ec/ecp_mont.c,0.00% (0/189),0.00% (0/11),0.00% (0/106)
src/openssl/crypto/ec/ecp_nist.c,0.00% (0/117),0.00% (0/5),0.00% (0/84)
src/openssl/crypto/ec/ecp_nistp224.c,0.00% (0/988),0.00% (0/41),0.00% (0/405)
src/openssl/crypto/ec/ecp_nistp521.c,0.00% (0/1210),0.00% (0/42),0.00% (0/395)
src/openssl/crypto/ec/ecp_nistputil.c,0.00% (0/47),0.00% (0/2),0.00% (0/63)
src/openssl/crypto/ec/ecp_nistz256.c,0.00% (0/691),0.00% (0/21),0.00% (0/476)
src/openssl/crypto/ec/ecp_oct.c,0.00% (0/285),0.00% (0/3),0.00% (0/294)
src/openssl/crypto/ec/ecp_smpl.c,0.00% (0/968),0.00% (0/28),0.00% (0/938)
src/openssl/crypto/ecdh/ech_err.c,100.00% (8/8),100.00% (1/1),100.00% (3/3)
src/openssl/crypto/ecdh/ech_kdf.c,0.00% (0/44),0.00% (0/1),0.00% (0/38)
src/openssl/crypto/ecdh/ech_key.c,0.00% (0/6),0.00% (0/1),0.00% (0/4)
src/openssl/crypto/ecdh/ech_lib.c,0.00% (0/113),0.00% (0/11),0.00% (0/61)
src/openssl/crypto/ecdh/ech_ossl.c,0.00% (0/98),0.00% (0/2),0.00% (0/86)
src/openssl/crypto/ecdsa/ecs_err.c,100.00% (8/8),100.00% (1/1),100.00% (3/3)
src/openssl/crypto/ecdsa/ecs_lib.c,0.00% (0/185),0.00% (0/21),0.00% (0/99)
src/openssl/crypto/ecdsa/ecs_ossl.c,0.00% (0/319),0.00% (0/4),0.00% (0/337)
src/openssl/crypto/ecdsa/ecs_sign.c,0.00% (0/30),0.00% (0/5),0.00% (0/14)
src/openssl/crypto/ecdsa/ecs_vrf.c,0.00% (0/29),0.00% (0/2),0.00% (0/20)
src/openssl/crypto/engine/eng_all.c,100.00% (42/42),100.00% (1/1),100.00% (1/1)
src/openssl/crypto/engine/eng_cnf.c,8.70% (4/46),20.00% (1/5),1.69% (1/59)
src/openssl/crypto/engine/eng_ctrl.c,0.00% (0/215),0.00% (0/7),0.00% (0/254)
src/openssl/crypto/engine/eng_dyn.c,6.86% (19/277),18.18% (2/11),7.64% (21/275)
src/openssl/crypto/engine/eng_err.c,100.00% (8/8),100.00% (1/1),100.00% (3/3)
src/openssl/crypto/engine/eng_fat.c,39.19% (29/74),50.00% (2/4),10.67% (8/75)
src/openssl/crypto/engine/eng_init.c,12.28% (7/57),25.00% (1/4),10.17% (6/59)
src/openssl/crypto/engine/eng_lib.c,47.16% (83/176),50.00% (15/30),52.21% (59/113)
src/openssl/crypto/engine/eng_list.c,29.95% (59/197),36.36% (4/11),35.48% (55/155)
src/openssl/crypto/engine/eng_pkey.c,8.33% (8/96),22.22% (2/9),2.06% (2/97)
src/openssl/crypto/engine/eng_rdrand.c,46.15% (24/52),50.00% (3/6),53.66% (22/41)
src/openssl/crypto/engine/eng_table.c,52.10% (87/167),46.15% (6/13),50.43% (117/232)
src/openssl/crypto/engine/tb_asnmth.c,14.53% (17/117),15.38% (2/13),11.25% (9/80)
src/openssl/crypto/engine/tb_cipher.c,28.85% (15/52),22.22% (2/9),24.14% (7/29)
src/openssl/crypto/engine/tb_dh.c,31.43% (11/35),25.00% (2/8),29.41% (5/17)
src/openssl/crypto/engine/tb_digest.c,34.62% (18/52),33.33% (3/9),27.59% (8/29)
src/openssl/crypto/engine/tb_dsa.c,31.43% (11/35),25.00% (2/8),29.41% (5/17)
src/openssl/crypto/engine/tb_ecdh.c,11.43% (4/35),12.50% (1/8),17.65% (3/17)
src/openssl/crypto/engine/tb_ecdsa.c,11.43% (4/35),12.50% (1/8),17.65% (3/17)
src/openssl/crypto/engine/tb_pkmeth.c,22.39% (15/67),20.00% (2/10),18.92% (7/37)
src/openssl/crypto/engine/tb_rand.c,40.00% (14/35),37.50% (3/8),35.29% (6/17)
src/openssl/crypto/engine/tb_rsa.c,31.43% (11/35),25.00% (2/8),29.41% (5/17)
src/openssl/crypto/err/err.c,59.75% (334/559),59.26% (32/54),62.71% (375/598)
src/openssl/crypto/err/err_all.c,100.00% (50/50),100.00% (1/1),100.00% (1/1)
src/openssl/crypto/err/err_prn.c,0.00% (0/33),0.00% (0/5),0.00% (0/14)
src/openssl/crypto/evp/bio_b64.c,0.00% (0/369),0.00% (0/8),0.00% (0/321)
src/openssl/crypto/evp/bio_enc.c,0.00% (0/249),0.00% (0/8),0.00% (0/183)
src/openssl/crypto/evp/bio_md.c,0.00% (0/144),0.00% (0/8),0.00% (0/115)
src/openssl/crypto/evp/c_all.c,100.00% (5/5),100.00% (1/1),100.00% (1/1)
src/openssl/crypto/evp/c_allc.c,100.00% (162/162),100.00% (1/1),100.00% (115/115)
src/openssl/crypto/evp/c_alld.c,100.00% (49/49),100.00% (1/1),100.00% (28/28)
src/openssl/crypto/evp/digest.c,32.43% (60/185),41.67% (5/12),33.53% (56/167)
src/openssl/crypto/evp/e_aes.c,1.55% (13/839),15.15% (5/33),1.33% (9/678)
src/openssl/crypto/evp/e_aes_cbc_hmac_sha1.c,1.54% (8/518),28.57% (2/7),1.94% (6/310)
src/openssl/crypto/evp/e_aes_cbc_hmac_sha256.c,1.47% (8/546),28.57% (2/7),2.52% (8/317)
src/openssl/crypto/evp/e_bf.c,0.00% (0/4),0.00% (0/1),0.00% (0/3)
src/openssl/crypto/evp/e_camellia.c,2.56% (2/78),12.50% (1/8),1.96% (1/51)
src/openssl/crypto/evp/e_cast.c,0.00% (0/4),0.00% (0/1),0.00% (0/3)
src/openssl/crypto/evp/e_des.c,0.00% (0/104),0.00% (0/8),0.00% (0/75)
src/openssl/crypto/evp/e_des3.c,4.59% (9/196),20.00% (3/15),1.71% (3/175)
src/openssl/crypto/evp/e_idea.c,0.00% (0/22),0.00% (0/2),0.00% (0/26)
src/openssl/crypto/evp/e_null.c,0.00% (0/11),0.00% (0/3),0.00% (0/5)
src/openssl/crypto/evp/e_rc2.c,7.06% (6/85),25.00% (2/8),2.86% (2/70)
src/openssl/crypto/evp/e_rc4.c,42.86% (6/14),50.00% (2/4),33.33% (2/6)
src/openssl/crypto/evp/e_rc4_hmac_md5.c,2.00% (3/150),25.00% (1/4),1.04% (1/96)
src/openssl/crypto/evp/e_rc5.c,0.00% (0/28),0.00% (0/2),0.00% (0/30)
src/openssl/crypto/evp/e_seed.c,0.00% (0/4),0.00% (0/1),0.00% (0/1)
src/openssl/crypto/evp/e_xcbc_d.c,12.00% (3/25),33.33% (1/3),4.76% (1/21)
src/openssl/crypto/evp/encode.c,0.00% (0/210),0.00% (0/9),0.00% (0/159)
src/openssl/crypto/evp/evp_cnf.c,8.82% (3/34),50.00% (1/2),2.86% (1/35)
src/openssl/crypto/evp/evp_enc.c,0.00% (0/438),0.00% (0/24),0.00% (0/406)
src/openssl/crypto/evp/evp_err.c,100.00% (8/8),100.00% (1/1),100.00% (3/3)
src/openssl/crypto/evp/evp_key.c,0.00% (0/107),0.00% (0/5),0.00% (0/102)
src/openssl/crypto/evp/evp_lib.c,5.15% (10/194),9.68% (3/31),3.33% (5/150)
src/openssl/crypto/evp/evp_locl.h,2.08% (1/48),20.00% (1/5),2.13% (1/47)
src/openssl/crypto/evp/evp_pbe.c,0.00% (0/124),0.00% (0/8),0.00% (0/123)
src/openssl/crypto/evp/evp_pkey.c,0.00% (0/114),0.00% (0/13),0.00% (0/83)
src/openssl/crypto/evp/m_dss.c,25.00% (3/12),25.00% (1/4),25.00% (1/4)
src/openssl/crypto/evp/m_dss1.c,25.00% (3/12),25.00% (1/4),25.00% (1/4)
src/openssl/crypto/evp/m_ecdsa.c,25.00% (3/12),25.00% (1/4),25.00% (1/4)
src/openssl/crypto/evp/m_md4.c,25.00% (3/12),25.00% (1/4),25.00% (1/4)
src/openssl/crypto/evp/m_md5.c,25.00% (3/12),25.00% (1/4),25.00% (1/4)
src/openssl/crypto/evp/m_mdc2.c,25.00% (3/12),25.00% (1/4),25.00% (1/4)
src/openssl/crypto/evp/m_ripemd.c,25.00% (3/12),25.00% (1/4),25.00% (1/4)
src/openssl/crypto/evp/m_sha.c,25.00% (3/12),25.00% (1/4),25.00% (1/4)
src/openssl/crypto/evp/m_sha1.c,50.00% (24/48),50.00% (8/16),50.00% (8/16)
src/openssl/crypto/evp/m_sigver.c,0.00% (0/117),0.00% (0/5),0.00% (0/118)
src/openssl/crypto/evp/m_wp.c,25.00% (3/12),25.00% (1/4),25.00% (1/4)
src/openssl/crypto/evp/names.c,45.36% (44/97),36.36% (4/11),54.55% (30/55)
src/openssl/crypto/evp/p5_crpt.c,0.00% (0/69),0.00% (0/2),0.00% (0/66)
src/openssl/crypto/evp/p5_crpt2.c,0.00% (0/165),0.00% (0/4),0.00% (0/138)
src/openssl/crypto/evp/p_lib.c,0.00% (0/271),0.00% (0/31),0.00% (0/242)
src/openssl/crypto/evp/p_sign.c,0.00% (0/51),0.00% (0/1),0.00% (0/50)
src/openssl/crypto/evp/p_verify.c,0.00% (0/46),0.00% (0/1),0.00% (0/47)
src/openssl/crypto/evp/pmeth_fn.c,0.00% (0/212),0.00% (0/13),0.00% (0/355)
src/openssl/crypto/evp/pmeth_gn.c,0.00% (0/121),0.00% (0/10),0.00% (0/119)
src/openssl/crypto/evp/pmeth_lib.c,15.04% (54/359),26.53% (13/49),6.34% (17/268)
src/openssl/crypto/ex_data.c,34.64% (97/280),41.67% (10/24),30.28% (132/436)
src/openssl/crypto/hmac/hm_ameth.c,0.00% (0/47),0.00% (0/5),0.00% (0/32)
src/openssl/crypto/hmac/hm_pmeth.c,0.00% (0/108),0.00% (0/8),0.00% (0/75)
src/openssl/crypto/hmac/hmac.c,0.00% (0/131),0.00% (0/9),0.00% (0/124)
src/openssl/crypto/idea/i_cbc.c,0.00% (0/97),0.00% (0/2),0.00% (0/202)
src/openssl/crypto/idea/i_cfb64.c,0.00% (0/52),0.00% (0/1),0.00% (0/20)
src/openssl/crypto/idea/i_ecb.c,0.00% (0/19),0.00% (0/2),0.00% (0/9)
src/openssl/crypto/idea/i_ofb64.c,0.00% (0/40),0.00% (0/1),0.00% (0/15)
src/openssl/crypto/idea/i_skey.c,0.00% (0/86),0.00% (0/3),0.00% (0/33)
src/openssl/crypto/lhash/lhash.c,70.83% (187/264),69.23% (9/13),65.44% (89/136)
src/openssl/crypto/md32_common.h,86.96% (60/69),66.67% (2/3),69.05% (58/84)
src/openssl/crypto/md4/md4_dgst.c,0.00% (0/106),0.00% (0/2),0.00% (0/184)
src/openssl/crypto/md5/md5_dgst.c,0.00% (0/8),0.00% (0/1),0.00% (0/5)
src/openssl/crypto/mdc2/mdc2dgst.c,0.00% (0/81),0.00% (0/4),0.00% (0/41)
src/openssl/crypto/mem.c,14.02% (30/214),21.74% (5/23),11.18% (19/170)
src/openssl/crypto/mem_dbg.c,7.81% (30/384),19.05% (4/21),6.20% (25/403)
src/openssl/crypto/modes/cbc128.c,0.00% (0/128),0.00% (0/2),0.00% (0/83)
src/openssl/crypto/modes/ccm128.c,0.00% (0/310),0.00% (0/10),0.00% (0/139)
src/openssl/crypto/modes/cfb128.c,0.00% (0/147),0.00% (0/4),0.00% (0/85)
src/openssl/crypto/modes/ctr128.c,0.00% (0/136),0.00% (0/5),0.00% (0/64)
src/openssl/crypto/modes/gcm128.c,0.00% (0/684),0.00% (0/12),0.00% (0/376)
src/openssl/crypto/modes/ofb128.c,0.00% (0/50),0.00% (0/1),0.00% (0/26)
src/openssl/crypto/modes/wrap128.c,0.00% (0/60),0.00% (0/2),0.00% (0/41)
src/openssl/crypto/modes/xts128.c,0.00% (0/104),0.00% (0/1),0.00% (0/35)
src/openssl/crypto/o_init.c,100.00% (6/6),100.00% (1/1),100.00% (4/4)
src/openssl/crypto/o_time.c,0.00% (0/91),0.00% (0/6),0.00% (0/50)
src/openssl/crypto/objects/o_names.c,31.31% (67/214),33.33% (5/15),23.99% (71/296)
src/openssl/crypto/objects/obj_dat.c,3.26% (17/522),12.00% (3/25),5.36% (29/541)
src/openssl/crypto/objects/obj_err.c,100.00% (8/8),100.00% (1/1),100.00% (3/3)
src/openssl/crypto/objects/obj_lib.c,0.00% (0/62),0.00% (0/2),0.00% (0/51)
src/openssl/crypto/objects/obj_xref.c,0.00% (0/101),0.00% (0/8),0.00% (0/133)
src/openssl/crypto/ocsp/ocsp_cl.c,0.00% (0/199),0.00% (0/12),0.00% (0/209)
src/openssl/crypto/ocsp/ocsp_err.c,100.00% (8/8),100.00% (1/1),100.00% (3/3)
src/openssl/crypto/ocsp/ocsp_ht.c,0.00% (0/298),0.00% (0/14),0.00% (0/328)
src/openssl/crypto/ocsp/ocsp_lib.c,0.00% (0/153),0.00% (0/5),0.00% (0/118)
src/openssl/crypto/ocsp/ocsp_prn.c,0.00% (0/203),0.00% (0/7),0.00% (0/226)
src/openssl/crypto/ocsp/ocsp_vfy.c,0.00% (0/288),0.00% (0/9),0.00% (0/348)
src/openssl/crypto/pem/pem_all.c,0.00% (0/72),0.00% (0/9),0.00% (0/33)
src/openssl/crypto/pem/pem_err.c,100.00% (8/8),100.00% (1/1),100.00% (3/3)
src/openssl/crypto/pem/pem_info.c,0.00% (0/261),0.00% (0/3),0.00% (0/294)
src/openssl/crypto/pem/pem_lib.c,0.00% (0/338),0.00% (0/12),0.00% (0/296)
src/openssl/crypto/pem/pem_oth.c,0.00% (0/14),0.00% (0/1),0.00% (0/8)
src/openssl/crypto/pem/pem_pk8.c,0.00% (0/123),0.00% (0/12),0.00% (0/81)
src/openssl/crypto/pem/pem_pkey.c,0.00% (0/87),0.00% (0/6),0.00% (0/64)
src/openssl/crypto/pkcs12/p12_add.c,0.00% (0/143),0.00% (0/10),0.00% (0/120)
src/openssl/crypto/pkcs12/p12_attr.c,0.00% (0/62),0.00% (0/7),0.00% (0/73)
src/openssl/crypto/pkcs12/p12_crpt.c,0.00% (0/44),0.00% (0/2),0.00% (0/40)
src/openssl/crypto/pkcs12/p12_decr.c,0.00% (0/86),0.00% (0/3),0.00% (0/66)
src/openssl/crypto/pkcs12/p12_key.c,0.00% (0/113),0.00% (0/2),0.00% (0/117)
src/openssl/crypto/pkcs12/p12_kiss.c,0.00% (0/175),0.00% (0/4),0.00% (0/269)
src/openssl/crypto/pkcs12/p12_mutl.c,0.00% (0/109),0.00% (0/4),0.00% (0/111)
src/openssl/crypto/pkcs12/p12_p8d.c,0.00% (0/5),0.00% (0/1),0.00% (0/2)
src/openssl/crypto/pkcs12/p12_p8e.c,0.00% (0/34),0.00% (0/1),0.00% (0/26)
src/openssl/crypto/pkcs12/p12_utl.c,0.00% (0/72),0.00% (0/10),0.00% (0/69)
src/openssl/crypto/pkcs12/pk12err.c,100.00% (8/8),100.00% (1/1),100.00% (3/3)
src/openssl/crypto/pkcs7/pk7_asn1.c,0.00% (0/34),0.00% (0/3),0.00% (0/27)
src/openssl/crypto/pkcs7/pk7_attr.c,0.00% (0/80),0.00% (0/6),0.00% (0/82)
src/openssl/crypto/pkcs7/pk7_doit.c,0.00% (0/941),0.00% (0/24),0.00% (0/1049)
src/openssl/crypto/pkcs7/pk7_lib.c,0.00% (0/477),0.00% (0/20),0.00% (0/449)
src/openssl/crypto/pkcs7/pkcs7err.c,100.00% (8/8),100.00% (1/1),100.00% (3/3)
src/openssl/crypto/pqueue/pqueue.c,0.00% (0/107),0.00% (0/12),0.00% (0/69)
src/openssl/crypto/rand/md_rand.c,75.00% (186/248),62.50% (5/8),79.12% (216/273)
src/openssl/crypto/rand/rand_egd.c,0.00% (0/141),0.00% (0/3),0.00% (0/75)
src/openssl/crypto/rand/rand_err.c,100.00% (8/8),100.00% (1/1),100.00% (3/3)
src/openssl/crypto/rand/rand_lib.c,32.05% (25/78),44.44% (4/9),38.18% (21/55)
src/openssl/crypto/rand/rand_unix.c,79.59% (78/98),100.00% (1/1),64.91% (37/57)
src/openssl/crypto/rand/randfile.c,0.00% (0/126),0.00% (0/3),0.00% (0/89)
src/openssl/crypto/rc2/rc2_cbc.c,0.00% (0/148),0.00% (0/3),0.00% (0/75)
src/openssl/crypto/rc2/rc2_ecb.c,0.00% (0/16),0.00% (0/1),0.00% (0/8)
src/openssl/crypto/rc2/rc2_skey.c,0.00% (0/34),0.00% (0/1),0.00% (0/19)
src/openssl/crypto/rc2/rc2cfb64.c,0.00% (0/52),0.00% (0/1),0.00% (0/20)
src/openssl/crypto/rc2/rc2ofb64.c,0.00% (0/40),0.00% (0/1),0.00% (0/15)
src/openssl/crypto/rc4/rc4_utl.c,0.00% (0/3),0.00% (0/1),0.00% (0/1)
src/openssl/crypto/rc5/rc5_ecb.c,0.00% (0/16),0.00% (0/1),0.00% (0/8)
src/openssl/crypto/rc5/rc5_enc.c,0.00% (0/133),0.00% (0/3),0.00% (0/271)
src/openssl/crypto/rc5/rc5_skey.c,0.00% (0/43),0.00% (0/1),0.00% (0/50)
src/openssl/crypto/rc5/rc5cfb64.c,0.00% (0/52),0.00% (0/1),0.00% (0/20)
src/openssl/crypto/rc5/rc5ofb64.c,0.00% (0/40),0.00% (0/1),0.00% (0/15)
src/openssl/crypto/ripemd/rmd_dgst.c,0.00% (0/233),0.00% (0/2),0.00% (0/841)
src/openssl/crypto/rsa/rsa_ameth.c,0.00% (0/670),0.00% (0/32),0.00% (0/780)
src/openssl/crypto/rsa/rsa_asn1.c,0.00% (0/19),0.00% (0/3),0.00% (0/16)
src/openssl/crypto/rsa/rsa_crpt.c,0.00% (0/107),0.00% (0/10),0.00% (0/88)
src/openssl/crypto/rsa/rsa_eay.c,0.53% (3/562),9.09% (1/11),0.17% (1/598)
src/openssl/crypto/rsa/rsa_err.c,100.00% (8/8),100.00% (1/1),100.00% (3/3)
src/openssl/crypto/rsa/rsa_gen.c,0.00% (0/125),0.00% (0/2),0.00% (0/178)
src/openssl/crypto/rsa/rsa_lib.c,0.00% (0/190),0.00% (0/12),0.00% (0/118)
src/openssl/crypto/rsa/rsa_none.c,0.00% (0/21),0.00% (0/2),0.00% (0/17)
src/openssl/crypto/rsa/rsa_oaep.c,0.00% (0/167),0.00% (0/5),0.00% (0/129)
src/openssl/crypto/rsa/rsa_pk1.c,0.00% (0/133),0.00% (0/4),0.00% (0/93)
src/openssl/crypto/rsa/rsa_pmeth.c,0.00% (0/429),0.00% (0/12),0.00% (0/439)
src/openssl/crypto/rsa/rsa_pss.c,0.00% (0/170),0.00% (0/4),0.00% (0/166)
src/openssl/crypto/rsa/rsa_saos.c,0.00% (0/66),0.00% (0/2),0.00% (0/51)
src/openssl/crypto/rsa/rsa_sign.c,0.00% (0/170),0.00% (0/4),0.00% (0/182)
src/openssl/crypto/rsa/rsa_ssl.c,0.00% (0/66),0.00% (0/2),0.00% (0/60)
src/openssl/crypto/rsa/rsa_x931.c,0.00% (0/70),0.00% (0/3),0.00% (0/55)
src/openssl/crypto/seed/seed.c,0.00% (0/100),0.00% (0/3),0.00% (0/216)
src/openssl/crypto/seed/seed_cbc.c,0.00% (0/8),0.00% (0/1),0.00% (0/4)
src/openssl/crypto/seed/seed_cfb.c,0.00% (0/4),0.00% (0/1),0.00% (0/1)
src/openssl/crypto/seed/seed_ecb.c,0.00% (0/6),0.00% (0/1),0.00% (0/4)
src/openssl/crypto/seed/seed_ofb.c,0.00% (0/4),0.00% (0/1),0.00% (0/1)
src/openssl/crypto/sha/sha1_one.c,0.00% (0/12),0.00% (0/1),0.00% (0/6)
src/openssl/crypto/sha/sha256.c,0.00% (0/54),0.00% (0/6),0.00% (0/12)
src/openssl/crypto/sha/sha512.c,0.00% (0/153),0.00% (0/9),0.00% (0/71)
src/openssl/crypto/sha/sha_locl.h,4.71% (9/191),50.00% (1/2),0.95% (6/632)
src/openssl/crypto/srp/srp_lib.c,0.00% (0/208),0.00% (0/11),0.00% (0/209)
src/openssl/crypto/srp/srp_vfy.c,0.00% (0/479),0.00% (0/21),0.00% (0/511)
src/openssl/crypto/stack/stack.c,38.50% (87/226),47.83% (11/23),39.69% (77/194)
src/openssl/crypto/ts/ts_err.c,100.00% (8/8),100.00% (1/1),100.00% (3/3)
src/openssl/crypto/txt_db/txt_db.c,0.00% (0/293),0.00% (0/6),0.00% (0/386)
src/openssl/crypto/ui/ui_err.c,100.00% (8/8),100.00% (1/1),100.00% (3/3)
src/openssl/crypto/ui/ui_lib.c,0.00% (0/610),0.00% (0/55),0.00% (0/465)
src/openssl/crypto/ui/ui_openssl.c,0.00% (0/178),0.00% (0/11),0.00% (0/124)
src/openssl/crypto/uid.c,0.00% (0/7),0.00% (0/1),0.00% (0/7)
src/openssl/crypto/whrlpool/wp_dgst.c,0.00% (0/156),0.00% (0/5),0.00% (0/97)
src/openssl/crypto/x509/by_dir.c,0.00% (0/254),0.00% (0/9),0.00% (0/302)
src/openssl/crypto/x509/by_file.c,0.00% (0/171),0.00% (0/5),0.00% (0/175)
src/openssl/crypto/x509/x509_att.c,0.00% (0/245),0.00% (0/19),0.00% (0/280)
src/openssl/crypto/x509/x509_cmp.c,0.00% (0/282),0.00% (0/26),0.00% (0/278)
src/openssl/crypto/x509/x509_d2.c,0.00% (0/33),0.00% (0/2),0.00% (0/39)
src/openssl/crypto/x509/x509_def.c,16.67% (3/18),16.67% (1/6),13.33% (2/15)
src/openssl/crypto/x509/x509_err.c,100.00% (8/8),100.00% (1/1),100.00% (3/3)
src/openssl/crypto/x509/x509_ext.c,0.00% (0/83),0.00% (0/27),0.00% (0/27)
src/openssl/crypto/x509/x509_lu.c,0.00% (0/497),0.00% (0/34),0.00% (0/608)
src/openssl/crypto/x509/x509_obj.c,0.00% (0/118),0.00% (0/1),0.00% (0/104)
src/openssl/crypto/x509/x509_req.c,0.00% (0/186),0.00% (0/18),0.00% (0/168)
src/openssl/crypto/x509/x509_trs.c,0.00% (0/163),0.00% (0/17),0.00% (0/209)
src/openssl/crypto/x509/x509_txt.c,0.00% (0/141),0.00% (0/1),0.00% (0/134)
src/openssl/crypto/x509/x509_v3.c,0.00% (0/167),0.00% (0/15),0.00% (0/223)
src/openssl/crypto/x509/x509_vfy.c,0.00% (0/1718),0.00% (0/72),0.00% (0/1926)
src/openssl/crypto/x509/x509_vpm.c,0.00% (0/347),0.00% (0/35),0.00% (0/461)
src/openssl/crypto/x509/x509cset.c,0.00% (0/81),0.00% (0/7),0.00% (0/75)
src/openssl/crypto/x509/x509name.c,0.00% (0/245),0.00% (0/18),0.00% (0/288)
src/openssl/crypto/x509/x509rset.c,0.00% (0/15),0.00% (0/3),0.00% (0/16)
src/openssl/crypto/x509/x509type.c,0.00% (0/54),0.00% (0/1),0.00% (0/57)
src/openssl/crypto/x509/x_all.c,0.00% (0/291),0.00% (0/80),0.00% (0/422)
src/openssl/crypto/x509v3/pcy_cache.c,0.00% (0/144),0.00% (0/7),0.00% (0/196)
src/openssl/crypto/x509v3/pcy_data.c,0.00% (0/45),0.00% (0/2),0.00% (0/54)
src/openssl/crypto/x509v3/pcy_lib.c,0.00% (0/60),0.00% (0/9),0.00% (0/64)
src/openssl/crypto/x509v3/pcy_map.c,0.00% (0/47),0.00% (0/1),0.00% (0/76)
src/openssl/crypto/x509v3/pcy_node.c,0.00% (0/86),0.00% (0/7),0.00% (0/120)
src/openssl/crypto/x509v3/pcy_tree.c,0.00% (0/408),0.00% (0/14),0.00% (0/541)
src/openssl/crypto/x509v3/v3_akey.c,0.00% (0/16),0.00% (0/1),0.00% (0/9)
src/openssl/crypto/x509v3/v3_alt.c,0.00% (0/398),0.00% (0/12),0.00% (0/466)
src/openssl/crypto/x509v3/v3_bcons.c,0.00% (0/5),0.00% (0/1),0.00% (0/1)
src/openssl/crypto/x509v3/v3_bitst.c,0.00% (0/8),0.00% (0/1),0.00% (0/6)
src/openssl/crypto/x509v3/v3_conf.c,0.00% (0/289),0.00% (0/27),0.00% (0/244)
src/openssl/crypto/x509v3/v3_cpols.c,0.00% (0/316),0.00% (0/8),0.00% (0/410)
src/openssl/crypto/x509v3/v3_crld.c,0.00% (0/279),0.00% (0/11),0.00% (0/348)
src/openssl/crypto/x509v3/v3_enum.c,0.00% (0/10),0.00% (0/1),0.00% (0/7)
src/openssl/crypto/x509v3/v3_extku.c,0.00% (0/39),0.00% (0/2),0.00% (0/61)
src/openssl/crypto/x509v3/v3_genn.c,0.00% (0/112),0.00% (0/7),0.00% (0/93)
src/openssl/crypto/x509v3/v3_ia5.c,0.00% (0/31),0.00% (0/2),0.00% (0/30)
src/openssl/crypto/x509v3/v3_info.c,0.00% (0/89),0.00% (0/3),0.00% (0/117)
src/openssl/crypto/x509v3/v3_int.c,0.00% (0/3),0.00% (0/1),0.00% (0/1)
src/openssl/crypto/x509v3/v3_lib.c,0.00% (0/193),0.00% (0/13),0.00% (0/241)
src/openssl/crypto/x509v3/v3_ncons.c,0.00% (0/207),0.00% (0/11),0.00% (0/261)
src/openssl/crypto/x509v3/v3_ocsp.c,0.00% (0/113),0.00% (0/11),0.00% (0/129)
src/openssl/crypto/x509v3/v3_pci.c,0.00% (0/99),0.00% (0/2),0.00% (0/102)
src/openssl/crypto/x509v3/v3_pcons.c,0.00% (0/8),0.00% (0/1),0.00% (0/1)
src/openssl/crypto/x509v3/v3_pku.c,0.00% (0/14),0.00% (0/1),0.00% (0/7)
src/openssl/crypto/x509v3/v3_pmaps.c,0.00% (0/54),0.00% (0/2),0.00% (0/87)
src/openssl/crypto/x509v3/v3_prn.c,0.00% (0/132),0.00% (0/5),0.00% (0/146)
src/openssl/crypto/x509v3/v3_purp.c,0.00% (0/504),0.00% (0/34),0.00% (0/670)
src/openssl/crypto/x509v3/v3_scts.c,0.00% (0/143),0.00% (0/6),0.00% (0/125)
src/openssl/crypto/x509v3/v3_skey.c,0.00% (0/54),0.00% (0/3),0.00% (0/57)
src/openssl/crypto/x509v3/v3_sxnet.c,0.00% (0/120),0.00% (0/8),0.00% (0/138)
src/openssl/crypto/x509v3/v3_utl.c,0.00% (0/868),0.00% (0/43),0.00% (0/974)
src/openssl/crypto/x509v3/v3err.c,100.00% (8/8),100.00% (1/1),100.00% (3/3)
src/openssl/engines/ccgost/e_gost_err.c,44.00% (11/25),33.33% (1/3),41.67% (5/12)
src/openssl/engines/ccgost/gost2001.c,0.00% (0/353),0.00% (0/5),0.00% (0/336)
src/openssl/engines/ccgost/gost2001_keyx.c,0.00% (0/215),0.00% (0/4),0.00% (0/129)
src/openssl/engines/ccgost/gost89.c,0.00% (0/271),0.00% (0/18),0.00% (0/74)
src/openssl/engines/ccgost/gost94_keyx.c,0.00% (0/207),0.00% (0/5),0.00% (0/131)
src/openssl/engines/ccgost/gost_ameth.c,5.12% (41/801),2.56% (1/39),2.26% (11/486)
src/openssl/engines/ccgost/gost_crypt.c,0.00% (0/379),0.00% (0/20),0.00% (0/232)
src/openssl/engines/ccgost/gost_ctl.c,0.00% (0/44),0.00% (0/4),0.00% (0/42)
src/openssl/engines/ccgost/gost_eng.c,37.97% (71/187),60.00% (6/10),55.56% (80/144)
src/openssl/engines/ccgost/gost_keywrap.c,0.00% (0/49),0.00% (0/3),0.00% (0/15)
src/openssl/engines/ccgost/gost_md.c,0.00% (0/27),0.00% (0/5),0.00% (0/11)
src/openssl/engines/ccgost/gost_pmeth.c,10.17% (48/472),4.00% (1/25),3.19% (10/313)
src/openssl/engines/ccgost/gost_sign.c,0.00% (0/224),0.00% (0/10),0.00% (0/152)
src/openssl/engines/ccgost/gosthash.c,0.00% (0/166),0.00% (0/11),0.00% (0/56)
src/openssl/engines/e_4758cca.c,9.62% (56/582),25.00% (5/20),13.40% (43/321)
src/openssl/engines/e_4758cca_err.c,60.00% (15/25),66.67% (2/3),66.67% (8/12)
src/openssl/engines/e_aep.c,14.29% (64/448),12.50% (3/24),8.87% (29/327)
src/openssl/engines/e_aep_err.c,44.00% (11/25),33.33% (1/3),41.67% (5/12)
src/openssl/engines/e_atalla.c,23.81% (60/252),18.75% (3/16),17.79% (29/163)
src/openssl/engines/e_atalla_err.c,46.88% (15/32),33.33% (1/3),46.15% (6/13)
src/openssl/engines/e_chil.c,12.43% (88/708),17.86% (5/28),7.86% (44/560)
src/openssl/engines/e_chil_err.c,59.38% (19/32),66.67% (2/3),69.23% (9/13)
src/openssl/engines/e_cswift.c,11.83% (75/634),22.73% (5/22),9.23% (42/455)
src/openssl/engines/e_cswift_err.c,59.38% (19/32),66.67% (2/3),69.23% (9/13)
src/openssl/engines/e_nuron.c,35.29% (60/170),18.75% (3/16),27.88% (29/104)
src/openssl/engines/e_nuron_err.c,46.88% (15/32),33.33% (1/3),46.15% (6/13)
src/openssl/engines/e_padlock.c,100.00% (2/2),100.00% (1/1),100.00% (1/1)
src/openssl/engines/e_sureware.c,15.53% (102/657),18.18% (4/22),9.61% (47/489)
src/openssl/engines/e_sureware_err.c,59.38% (19/32),66.67% (2/3),69.23% (9/13)
src/openssl/engines/e_ubsec.c,10.09% (55/545),15.79% (3/19),9.24% (29/314)
src/openssl/engines/e_ubsec_err.c,46.88% (15/32),33.33% (1/3),46.15% (6/13)
src/openssl/include/openssl/asn1t.h,0.00% (0/28),0.00% (0/9),0.00% (0/18)
src/openssl/include/openssl/lhash.h,50.00% (7/14),50.00% (2/4),50.00% (2/4)
src/openssl/include/openssl/objects.h,0.00% (0/18),0.00% (0/4),0.00% (0/4)
src/openssl/include/openssl/pem.h,0.00% (0/36),0.00% (0/10),0.00% (0/10)
src/openssl/ssl/bio_ssl.c,0.00% (0/412),0.00% (0/13),0.00% (0/331)
src/openssl/ssl/d1_both.c,0.00% (0/867),0.00% (0/28),0.00% (0/723)
src/openssl/ssl/d1_clnt.c,0.00% (0/410),0.00% (0/3),0.00% (0/447)
src/openssl/ssl/d1_lib.c,0.00% (0/307),0.00% (0/20),0.00% (0/210)
src/openssl/ssl/d1_meth.c,0.00% (0/10),0.00% (0/1),0.00% (0/13)
src/openssl/ssl/d1_pkt.c,0.00% (0/934),0.00% (0/17),0.00% (0/912)
src/openssl/ssl/d1_srtp.c,0.00% (0/211),0.00% (0/10),0.00% (0/220)
src/openssl/ssl/d1_srvr.c,0.00% (0/486),0.00% (0/3),0.00% (0/557)
src/openssl/ssl/s23_clnt.c,0.00% (0/436),0.00% (0/6),0.00% (0/474)
src/openssl/ssl/s23_lib.c,0.00% (0/86),0.00% (0/8),0.00% (0/87)
src/openssl/ssl/s23_meth.c,0.00% (0/17),0.00% (0/1),0.00% (0/17)
src/openssl/ssl/s23_pkt.c,0.00% (0/40),0.00% (0/2),0.00% (0/22)
src/openssl/ssl/s23_srvr.c,0.00% (0/301),0.00% (0/3),0.00% (0/355)
src/openssl/ssl/s3_both.c,0.00% (0/446),0.00% (0/16),0.00% (0/435)
src/openssl/ssl/s3_cbc.c,0.00% (0/347),0.00% (0/9),0.00% (0/215)
src/openssl/ssl/s3_clnt.c,0.00% (0/2622),0.00% (0/20),0.00% (0/2670)
src/openssl/ssl/s3_enc.c,0.00% (0/630),0.00% (0/16),0.00% (0/577)
src/openssl/ssl/s3_lib.c,0.00% (0/1189),0.00% (0/27),0.00% (0/1021)
src/openssl/ssl/s3_meth.c,0.00% (0/6),0.00% (0/1),0.00% (0/5)
src/openssl/ssl/s3_pkt.c,0.00% (0/1003),0.00% (0/11),0.00% (0/1083)
src/openssl/ssl/s3_srvr.c,0.00% (0/2418),0.00% (0/16),0.00% (0/2464)
src/openssl/ssl/ssl_algs.c,100.00% (73/73),100.00% (1/1),100.00% (22/22)
src/openssl/ssl/ssl_asn1.c,0.00% (0/435),0.00% (0/2),0.00% (0/715)
src/openssl/ssl/ssl_cert.c,0.00% (0/831),0.00% (0/35),0.00% (0/902)
src/openssl/ssl/ssl_ciph.c,7.79% (89/1143),13.33% (4/30),8.36% (105/1256)
src/openssl/ssl/ssl_err.c,100.00% (8/8),100.00% (1/1),100.00% (3/3)
src/openssl/ssl/ssl_err2.c,100.00% (6/6),100.00% (1/1),100.00% (1/1)
src/openssl/ssl/ssl_lib.c,0.18% (4/2198),0.58% (1/171),0.10% (2/2003)
src/openssl/ssl/ssl_locl.h,0.00% (0/136),0.00% (0/4),0.00% (0/6)
src/openssl/ssl/ssl_rsa.c,0.00% (0/737),0.00% (0/27),0.00% (0/640)
src/openssl/ssl/ssl_sess.c,0.00% (0/743),0.00% (0/46),0.00% (0/656)
src/openssl/ssl/ssl_stat.c,0.00% (0/715),0.00% (0/8),0.00% (0/637)
src/openssl/ssl/t1_clnt.c,0.00% (0/9),0.00% (0/1),0.00% (0/13)
src/openssl/ssl/t1_enc.c,0.00% (0/798),0.00% (0/12),0.00% (0/780)
src/openssl/ssl/t1_ext.c,0.00% (0/160),0.00% (0/11),0.00% (0/139)
src/openssl/ssl/t1_lib.c,0.00% (0/2647),0.00% (0/61),0.00% (0/2727)
src/openssl/ssl/t1_meth.c,0.00% (0/9),0.00% (0/1),0.00% (0/13)
src/openssl/ssl/t1_reneg.c,0.00% (0/112),0.00% (0/4),0.00% (0/84)
src/openssl/ssl/t1_srvr.c,0.00% (0/9),0.00% (0/1),0.00% (0/13)
src/openssl/ssl/tls_srp.c,0.00% (0/378),0.00% (0/22),0.00% (0/260)
src/zlib/adler32.c,0.00% (0/79),0.00% (0/5),0.00% (0/140)
src/zlib/crc32.c,0.00% (0/130),0.00% (0/10),0.00% (0/106)
src/zlib/inffast.c,0.00% (0/213),0.00% (0/1),0.00% (0/84)
src/zlib/inflate.c,0.00% (0/956),0.00% (0/22),0.00% (0/1170)
src/zlib/inftrees.c,0.00% (0/162),0.00% (0/1),0.00% (0/109)
src/zlib/zutil.c,0.00% (0/46),0.00% (0/5),0.00% (0/30)
Totals,7.12% (11585/162767),11.32% (765/6759),6.39% (9235/144525)
